;start;end;pourcentage_femmes;pourcentage_hommes
0;1957;1960;27.14285714;72.85714286
1;1961;1964;31.97674419;68.02325581
2;1965;1968;29.10447761;70.89552239
3;1969;1972;37.33333333;62.66666667
4;1973;1976;66.66666667;33.33333333
