,metier,pourcentage
0,usine_batiment,43.013698630136986
1,education,16.43835616438356
2,service_publique,6.8493150684931505
3,artisanat_vente,6.8493150684931505
4,impression_journalisme,6.575342465753424
5,employe_bureau,4.931506849315069
6,restauration_hotellerie,4.10958904109589
7,santé_social,3.287671232876712
8,droit_finance,2.73972602739726
9,agriculture,2.191780821917808
10,domestique,1.643835616438356
11,autres,0.821917808219178
12,etude_formation,0.547945205479452
